"Name","Tag","UserID"
"Momoe","Kendall#0013","847422830579810334"
"Maria","mŒ±riŒ±#0001","849772937313910785"
"Rosalinda","RosalindŒ±#0001","505436684012355585"
"SecTorSeven","SecTorSeven#7086","318706985950511105"
"Delirium","Delirium#0110","832036093460480060"
"Chronicle","Nemesis#4342","795020774935101461"
"Best",". 1001.#0001","784443328938115103"
"Zywiech","onedŒ±ywillshine#1999","805162804171767819"
"-Karyan.","Karyan#7516","113722828695535623"
"Medo","Fuckedup#6666","745311821153435758"
"Kareem","Kareem#7234","877467018150969344"
"-.Meiichen.-","-.Meiichen.-#2634","527913087475384321"
"StarK","StarK#2934","566946922318004224"
"Wicaliwyn","Wic√§liwyn#1193","542327119653371934"
"Thons","beeenali#0203","650394267021213696"
"WaR.Lannister","Lan#5212","610270087211122699"
"Deus","coolbeub#3027","805593122771697727"
"Cythix","Cythix#0001","242703582804049920"
"xNady..","xNady#3197","436222399235489792"
"[R]youma","musip#4190","304956418610429952"
"Pappy","Wanz#8178","709201374763810869"
"Blastalwayswins","legendofBlast#5151","592734606734655518"
"Squozzy*","Cloudson#9933","258942923104583681"
"Max","Aroric#7777","235510933236088832"
"Practice1v1","Practise1v1#3273","871765167682236437"
"Kyhtela","Kyhtela#0009","781529425463345173"
"Napoleon","Napoleon#8065","595958310117572609"
"OutOfLimit","‚Ä†ùïÇùîºùïç‚Ä†#9790","348583293341532160"
"DybalaIchNoch","√≤.√≥#1156","433322116335665164"
"Disaeyope","Opla#0001","254286242370420736"
"Daisy","Mariaa#3183","369095612429238282"
"Aperture","Fhenris#3285","400299384358699008"